amenity,neighbourhood,postcode,district
Café Curado - Specialty Coffee,Colonia Roma Norte,06700,Cuauhtémoc
Banco Azteca,Colonia Roma Norte,06700,Cuauhtémoc
,Colonia Roma Sur,06760,Cuauhtémoc
,Colonia Roma Sur,06760,Cuauhtémoc
,Colonia Juárez,06700,Cuauhtémoc
,Colonia Roma Sur,06760,Cuauhtémoc
Café Curado - Specialty Coffee,Colonia Roma Norte,06700,Cuauhtémoc
,Centro Urbano Benito Juárez,06700,Cuauhtémoc
Lucas Local,Colonia Roma Norte,06700,Cuauhtémoc
,Colonia Doctores,06720,Cuauhtémoc
,Colonia Roma Sur,06760,Cuauhtémoc
,Colonia Roma Sur,06760,Cuauhtémoc
,Colonia Roma Sur,06760,Cuauhtémoc
,Colonia Roma Sur,06760,Cuauhtémoc
,Colonia Roma Sur,06760,Cuauhtémoc
,Colonia Roma Sur,06760,Cuauhtémoc
,Colonia Roma Sur,06760,Cuauhtémoc
,Centro Urbano Benito Juárez,06760,Cuauhtémoc
,Colonia Roma Sur,06760,Cuauhtémoc
,Colonia Roma Sur,06760,Cuauhtémoc
Constela Café,Colonia Roma Norte,06700,Cuauhtémoc
,Colonia Roma Sur,06760,Cuauhtémoc
,Colonia Roma Sur,06760,Cuauhtémoc
,Colonia Roma Sur,06760,Cuauhtémoc
,Colonia Piedad Narvarte,03103,Benito Juárez
,Centro Urbano Benito Juárez,06700,Cuauhtémoc
,Colonia Roma Norte,06700,Cuauhtémoc
,Centro Urbano Benito Juárez,06760,Cuauhtémoc
,Centro Urbano Benito Juárez,06760,Cuauhtémoc
,Colonia Hipódromo,06100,Cuauhtémoc
,Colonia Roma Sur,06760,Cuauhtémoc
,Colonia Roma Norte,06700,Cuauhtémoc
Constela Café,Colonia Roma Norte,06700,Cuauhtémoc
Constela Café,Colonia Roma Norte,06700,Cuauhtémoc
,Colonia Roma Norte,06700,Cuauhtémoc
,Colonia Roma Sur,06760,Cuauhtémoc
,Colonia Roma Sur,06760,Cuauhtémoc
,Colonia Roma Sur,06760,Cuauhtémoc
Constela Café,Colonia Roma Norte,06700,Cuauhtémoc
Universidad de la Comunicación,Colonia Roma Norte,06700,Cuauhtémoc
Constela Café,Colonia Roma Norte,06700,Cuauhtémoc
Constela Café,Colonia Roma Norte,06700,Cuauhtémoc
,Colonia Roma Sur,06760,Cuauhtémoc
,Centro Urbano Benito Juárez,06700,Cuauhtémoc
,Colonia Roma Sur,06760,Cuauhtémoc
,Colonia Cuauhtémoc,06500,Cuauhtémoc
Constela Café,Colonia Roma Norte,06700,Cuauhtémoc
Constela Café,Colonia Roma Norte,06700,Cuauhtémoc
Constela Café,Colonia Roma Norte,06700,Cuauhtémoc
Constela Café,Colonia Roma Norte,06700,Cuauhtémoc
Constela Café,Colonia Roma Norte,06700,Cuauhtémoc
,Colonia Juárez,06700,Cuauhtémoc
Constela Café,Colonia Roma Norte,06700,Cuauhtémoc
,Roma,64700,
,Colonia Roma Sur,06760,Cuauhtémoc
,Colonia Roma Sur,06760,Cuauhtémoc
Constela Café,Colonia Roma Norte,06700,Cuauhtémoc
Constela Café,Colonia Roma Norte,06700,Cuauhtémoc
,Colonia Roma Sur,06760,Cuauhtémoc
Constela Café,Colonia Roma Norte,06700,Cuauhtémoc
,Colonia Roma Sur,06760,Cuauhtémoc
Constela Café,Colonia Roma Norte,06700,Cuauhtémoc
,Colonia Roma Sur,06760,Cuauhtémoc
Hospital Star Médica Roma,Colonia Roma Norte,06700,Cuauhtémoc
Fuente de Bucareli,Colonia Tabacalera,06040,Cuauhtémoc
Fuente de Bucareli,Colonia Tabacalera,06040,Cuauhtémoc
,Colonia Roma Sur,06760,Cuauhtémoc
,Colonia Roma Norte,06700,Cuauhtémoc
,Colonia Roma Norte,06700,Cuauhtémoc
Constela Café,Colonia Roma Norte,06700,Cuauhtémoc
Constela Café,Colonia Roma Norte,06700,Cuauhtémoc
Constela Café,Colonia Roma Norte,06700,Cuauhtémoc
Fuente de Bucareli,Colonia Tabacalera,06040,Cuauhtémoc
Constela Café,Colonia Roma Norte,06700,Cuauhtémoc
Constela Café,Colonia Roma Norte,06700,Cuauhtémoc
Universidad de la Comunicación,Colonia Roma Norte,06700,Cuauhtémoc
Constela Café,Colonia Roma Norte,06700,Cuauhtémoc
,Zona Rosa,06700,Cuauhtémoc
,Zona Rosa,06700,Cuauhtémoc
Constela Café,Colonia Roma Norte,06700,Cuauhtémoc
Constela Café,Colonia Roma Norte,06700,Cuauhtémoc
Constela Café,Colonia Roma Norte,06700,Cuauhtémoc
Constela Café,Colonia Roma Norte,06700,Cuauhtémoc
Constela Café,Colonia Roma Norte,06700,Cuauhtémoc
Constela Café,Colonia Roma Norte,06700,Cuauhtémoc
Constela Café,Colonia Roma Norte,06700,Cuauhtémoc
,Colonia Roma Sur,06760,Cuauhtémoc
Constela Café,Colonia Roma Norte,06700,Cuauhtémoc
Constela Café,Colonia Roma Norte,06700,Cuauhtémoc
Constela Café,Colonia Roma Norte,06700,Cuauhtémoc
Constela Café,Colonia Roma Norte,06700,Cuauhtémoc
Constela Café,Colonia Roma Norte,06700,Cuauhtémoc
,Colonia Roma Sur,06760,Cuauhtémoc
Constela Café,Colonia Roma Norte,06700,Cuauhtémoc
Constela Café,Colonia Roma Norte,06700,Cuauhtémoc
,Centro Urbano Benito Juárez,06700,Cuauhtémoc
,Centro Urbano Benito Juárez,06700,Cuauhtémoc
,Colonia Roma Sur,06760,Cuauhtémoc
Constela Café,Colonia Roma Norte,06700,Cuauhtémoc
Fuente de Bucareli,Colonia Tabacalera,06040,Cuauhtémoc
Constela Café,Colonia Roma Norte,06700,Cuauhtémoc
Constela Café,Colonia Roma Norte,06700,Cuauhtémoc
Constela Café,Colonia Roma Norte,06700,Cuauhtémoc
Constela Café,Colonia Roma Norte,06700,Cuauhtémoc
Constela Café,Colonia Roma Norte,06700,Cuauhtémoc
,Colonia Roma Sur,06760,Cuauhtémoc
,Colonia Álamos,03400,Benito Juárez
Constela Café,Colonia Roma Norte,06700,Cuauhtémoc
Constela Café,Colonia Roma Norte,06700,Cuauhtémoc
Constela Café,Colonia Roma Norte,06700,Cuauhtémoc
Universidad de la Comunicación,Colonia Roma Norte,06700,Cuauhtémoc
Fuente de Bucareli,Colonia Tabacalera,06040,Cuauhtémoc
Abilita. Medicina de Rehabilitación Física y Ortopedia,Colonia Roma Sur,06100,Cuauhtémoc
,Centro Urbano Benito Juárez,06700,Cuauhtémoc
Fuente de Bucareli,Colonia Tabacalera,06040,Cuauhtémoc
,Colonia Roma Sur,06760,Cuauhtémoc
Universidad de la Comunicación,Colonia Roma Norte,06700,Cuauhtémoc
,Colonia Hipódromo,06760,Cuauhtémoc
,Centro Urbano Benito Juárez,06700,Cuauhtémoc
,Centro Urbano Benito Juárez,06700,Cuauhtémoc
,Centro Urbano Benito Juárez,06700,Cuauhtémoc
,Centro Urbano Benito Juárez,06700,Cuauhtémoc
,Centro Urbano Benito Juárez,06700,Cuauhtémoc
,Centro Urbano Benito Juárez,06700,Cuauhtémoc
,Centro Urbano Benito Juárez,06700,Cuauhtémoc
,Centro Urbano Benito Juárez,06700,Cuauhtémoc
,Centro Urbano Benito Juárez,06700,Cuauhtémoc
Constela Café,Colonia Roma Norte,06700,Cuauhtémoc
,Colonia Roma Sur,06760,Cuauhtémoc
Constela Café,Colonia Roma Norte,06700,Cuauhtémoc
Constela Café,Colonia Roma Norte,06700,Cuauhtémoc
,Colonia Roma Sur,06760,Cuauhtémoc
,Centro Urbano Benito Juárez,06700,Cuauhtémoc
Constela Café,Colonia Roma Norte,06700,Cuauhtémoc
,Colonia Roma Sur,06760,Cuauhtémoc
,Centro Urbano Benito Juárez,,Cuauhtémoc
,Colonia Roma Sur,06760,Cuauhtémoc
,Colonia Roma Sur,06760,Cuauhtémoc
,Colonia Roma Norte,06700,Cuauhtémoc
,Colonia Juárez,06700,Cuauhtémoc
Fuente de Bucareli,Colonia Tabacalera,06040,Cuauhtémoc
Fuente de Bucareli,Colonia Tabacalera,06040,Cuauhtémoc
BACAL - apericena,Colonia Roma Sur,06760,Cuauhtémoc
,Colonia Roma Sur,06760,Cuauhtémoc
,Centro Urbano Benito Juárez,06700,Cuauhtémoc
BACAL - apericena,Colonia Roma Sur,06760,Cuauhtémoc
Fuente de Bucareli,Colonia Tabacalera,06040,Cuauhtémoc
,Colonia Roma Sur,06760,Cuauhtémoc
,Colonia Roma Sur,06760,Cuauhtémoc
,Colonia Hipódromo,06100,Cuauhtémoc
,Colonia Roma Norte,06700,Cuauhtémoc
,Colonia Escandón,11800,Miguel Hidalgo
,Colonia Roma Norte,06700,Cuauhtémoc
,Colonia Roma Norte,06700,Cuauhtémoc
,Miguel Hidalgo,,
,Colonia Roma Sur,06760,Cuauhtémoc
,Colonia Escandón,11800,Miguel Hidalgo
,Centro Urbano Benito Juárez,06760,Cuauhtémoc
,Colonia Guerrero,06300,Cuauhtémoc
,Colonia Escandón,11800,Miguel Hidalgo
,Centro Urbano Benito Juárez,06700,Cuauhtémoc
,Centro Urbano Benito Juárez,06700,Cuauhtémoc
,Centro Urbano Benito Juárez,06700,Cuauhtémoc
,Colonia Roma Sur,06760,Cuauhtémoc
,Colonia Cuauhtémoc,06500,Cuauhtémoc
Constela Café,Colonia Roma Norte,06700,Cuauhtémoc
,Colonia Roma Sur,06760,Cuauhtémoc
Tasting Room,Centro Urbano Benito Juárez,06700,Cuauhtémoc
,Colonia Roma Norte,06700,Cuauhtémoc
,Colonia Tepito,06200,Cuauhtémoc
,Colonia Condesa,06700,Cuauhtémoc
,Colonia Roma Sur,06760,Cuauhtémoc
,Colonia Roma Sur,06760,Cuauhtémoc
,Colonia Roma Norte,06100,Cuauhtémoc
,Colonia Roma Sur,06760,Cuauhtémoc
Estacionamiento Publico,Colonia Juárez,06700,Cuauhtémoc
,Colonia Roma Sur,06760,Cuauhtémoc
Universidad de la Comunicación,Colonia Roma Norte,06700,Cuauhtémoc
Moronas,Colonia Juárez,06700,Cuauhtémoc
,Colonia Roma Sur,06760,Cuauhtémoc
,Colonia Roma Norte,06700,Cuauhtémoc
,Colonia Guerrero,06300,Cuauhtémoc
,Colonia Roma Sur,06760,Cuauhtémoc
,Colonia Roma Sur,06760,Cuauhtémoc
,Colonia Roma Sur,06760,Cuauhtémoc
,Colonia Roma Sur,06760,Cuauhtémoc
Mandragora vegan,Colonia Roma Norte,06700,Cuauhtémoc
,Colonia Roma Sur,06760,Cuauhtémoc
,Centro Urbano Benito Juárez,06700,Cuauhtémoc
,Roma,64700,
,Colonia Roma Sur,06760,Cuauhtémoc
,Colonia Roma Sur,06760,Cuauhtémoc
,Colonia Roma Sur,06760,Cuauhtémoc
,Colonia Roma Sur,06760,Cuauhtémoc
,Colonia Roma Sur,06760,Cuauhtémoc
Estacionamiento Publico,Colonia Juárez,06700,Cuauhtémoc
,Colonia Roma Sur,06760,Cuauhtémoc
,Colonia Roma Sur,06760,Cuauhtémoc
,Colonia Roma Sur,06760,Cuauhtémoc
,Colonia Roma Sur,06760,Cuauhtémoc
,Colonia Roma Sur,06760,Cuauhtémoc
,Colonia Roma Sur,06760,Cuauhtémoc
Hospital Star Médica Roma,Colonia Roma Norte,06700,Cuauhtémoc
,Colonia Roma Norte,06700,Cuauhtémoc
,Colonia Roma Norte,06700,Cuauhtémoc
,Colonia Roma Norte,06700,Cuauhtémoc
Hospital Star Médica Roma,Colonia Roma Norte,06700,Cuauhtémoc
,Colonia Roma Sur,06760,Cuauhtémoc
,Zona Rosa,06700,Cuauhtémoc
,Miguel Hidalgo,11800,
Hospital Star Médica Roma,Colonia Roma Norte,06700,Cuauhtémoc
,Centro Urbano Benito Juárez,06760,Cuauhtémoc
,Centro Urbano Benito Juárez,06700,Cuauhtémoc
,Colonia Juárez,06600,Cuauhtémoc
,Colonia Roma Sur,06760,Cuauhtémoc
,Colonia Roma Sur,06760,Cuauhtémoc
,Centro Urbano Benito Juárez,06700,Cuauhtémoc
,Centro Urbano Benito Juárez,06700,Cuauhtémoc
,Colonia Roma Sur,06760,Cuauhtémoc
,Colonia Juárez,06700,Cuauhtémoc
Hospital Star Médica Roma,Colonia Roma Norte,06700,Cuauhtémoc
,Centro Urbano Benito Juárez,06700,Cuauhtémoc
,Centro Urbano Benito Juárez,06700,Cuauhtémoc
,Colonia Roma Norte,06700,Cuauhtémoc
,Colonia Roma Sur,06760,Cuauhtémoc
,Miguel Hidalgo,11800,
,Colonia Roma Sur,06760,Cuauhtémoc
,Colonia Roma Sur,06760,Cuauhtémoc
,Colonia Roma Sur,06760,Cuauhtémoc
,Colonia Roma Sur,06760,Cuauhtémoc
,Colonia Roma Sur,06760,Cuauhtémoc
,Centro Urbano Benito Juárez,06700,Cuauhtémoc
,Centro Urbano Benito Juárez,06700,Cuauhtémoc
,Centro Urbano Benito Juárez,06700,Cuauhtémoc
,Colonia Roma Sur,06760,Cuauhtémoc
,Colonia Roma Norte,06700,Cuauhtémoc
,Colonia Roma Norte,06700,Cuauhtémoc
,Centro Urbano Benito Juárez,06700,Cuauhtémoc
,Centro Urbano Benito Juárez,06700,Cuauhtémoc
,Centro Urbano Benito Juárez,06700,Cuauhtémoc
,Centro Urbano Benito Juárez,06700,Cuauhtémoc
,Centro Urbano Benito Juárez,06700,Cuauhtémoc
,Centro Urbano Benito Juárez,06700,Cuauhtémoc
,Centro Urbano Benito Juárez,06700,Cuauhtémoc
,Centro Urbano Benito Juárez,06700,Cuauhtémoc
,Centro Urbano Benito Juárez,06700,Cuauhtémoc
,Centro Urbano Benito Juárez,06700,Cuauhtémoc
,Centro Urbano Benito Juárez,06700,Cuauhtémoc
,Centro Urbano Benito Juárez,06700,Cuauhtémoc
,Centro Urbano Benito Juárez,06700,Cuauhtémoc
,Centro Urbano Benito Juárez,06700,Cuauhtémoc
,Centro Urbano Benito Juárez,06700,Cuauhtémoc
,Centro Urbano Benito Juárez,06700,Cuauhtémoc
,Centro Urbano Benito Juárez,06700,Cuauhtémoc
,Centro Urbano Benito Juárez,06700,Cuauhtémoc
,Centro Urbano Benito Juárez,06700,Cuauhtémoc
,Centro Urbano Benito Juárez,06700,Cuauhtémoc
,Centro Urbano Benito Juárez,06700,Cuauhtémoc
,Centro Urbano Benito Juárez,06700,Cuauhtémoc
,Centro Urbano Benito Juárez,06700,Cuauhtémoc
,Centro Urbano Benito Juárez,06700,Cuauhtémoc
,Centro Urbano Benito Juárez,06700,Cuauhtémoc
,Centro Urbano Benito Juárez,06700,Cuauhtémoc
,Centro Urbano Benito Juárez,06700,Cuauhtémoc
,Centro Urbano Benito Juárez,06700,Cuauhtémoc
,Centro Urbano Benito Juárez,06700,Cuauhtémoc
,Centro Urbano Benito Juárez,06700,Cuauhtémoc
,Centro Urbano Benito Juárez,06700,Cuauhtémoc
,Centro Urbano Benito Juárez,06700,Cuauhtémoc
,Centro Urbano Benito Juárez,06700,Cuauhtémoc
,Centro Urbano Benito Juárez,06700,Cuauhtémoc
,Centro Urbano Benito Juárez,06700,Cuauhtémoc
,Centro Urbano Benito Juárez,06700,Cuauhtémoc
,Colonia Roma Sur,06760,Cuauhtémoc
,Centro Urbano Benito Juárez,06700,Cuauhtémoc
BACAL - apericena,Colonia Roma Sur,06760,Cuauhtémoc
Taco Game,Centro Urbano Benito Juárez,06760,Cuauhtémoc
,Centro Urbano Benito Juárez,06700,Cuauhtémoc
,Centro Urbano Benito Juárez,06700,Cuauhtémoc
,Centro Urbano Benito Juárez,06700,Cuauhtémoc
,Colonia Roma Norte,06700,Cuauhtémoc
,Centro Urbano Benito Juárez,06700,Cuauhtémoc
,Colonia Escandón,11800,Miguel Hidalgo
,Centro Urbano Benito Juárez,06700,Cuauhtémoc
,Colonia Roma Norte,06700,Cuauhtémoc
,Colonia Roma Norte,06700,Cuauhtémoc
,Colonia Roma Sur,06760,Cuauhtémoc
,Colonia Roma Norte,06700,Cuauhtémoc
,Colonia Roma Norte,06700,Cuauhtémoc
,Colonia Roma Sur,06760,Cuauhtémoc
,Centro Urbano Benito Juárez,06700,Cuauhtémoc
Abarrotes Delirio,Colonia Roma Norte,06700,Cuauhtémoc
,Centro Urbano Benito Juárez,06760,Cuauhtémoc
,Centro Urbano Benito Juárez,06700,Cuauhtémoc
,Centro Urbano Benito Juárez,06700,Cuauhtémoc
,Centro Urbano Benito Juárez,06700,Cuauhtémoc
,Centro Urbano Benito Juárez,06700,Cuauhtémoc
,Centro Urbano Benito Juárez,06700,Cuauhtémoc
,Centro Urbano Benito Juárez,06700,Cuauhtémoc
,Centro Urbano Benito Juárez,06700,Cuauhtémoc
,Centro Urbano Benito Juárez,06700,Cuauhtémoc
,Centro Urbano Benito Juárez,06700,Cuauhtémoc
,Centro Urbano Benito Juárez,06700,Cuauhtémoc
,Centro Urbano Benito Juárez,06700,Cuauhtémoc
,Centro Urbano Benito Juárez,06700,Cuauhtémoc
,Colonia Roma Norte,06700,Cuauhtémoc
,Centro Urbano Benito Juárez,06700,Cuauhtémoc
,Centro Urbano Benito Juárez,06700,Cuauhtémoc
,Centro Urbano Benito Juárez,06700,Cuauhtémoc
,Centro Urbano Benito Juárez,06700,Cuauhtémoc
,Centro Urbano Benito Juárez,06700,Cuauhtémoc
,Centro Urbano Benito Juárez,06700,Cuauhtémoc
,Centro Urbano Benito Juárez,06700,Cuauhtémoc
,Centro Urbano Benito Juárez,06700,Cuauhtémoc
,Centro Urbano Benito Juárez,06700,Cuauhtémoc
,Centro Urbano Benito Juárez,06700,Cuauhtémoc
,Centro Urbano Benito Juárez,06700,Cuauhtémoc
,Centro Urbano Benito Juárez,06700,Cuauhtémoc
,Centro Urbano Benito Juárez,06700,Cuauhtémoc
,Centro Urbano Benito Juárez,06700,Cuauhtémoc
,Centro Urbano Benito Juárez,06700,Cuauhtémoc
,Centro Urbano Benito Juárez,06700,Cuauhtémoc
,Centro Urbano Benito Juárez,06700,Cuauhtémoc
,Centro Urbano Benito Juárez,06700,Cuauhtémoc
,Centro Urbano Benito Juárez,06700,Cuauhtémoc
,Colonia Roma Sur,06760,Cuauhtémoc
,Colonia Hipódromo,06100,Cuauhtémoc
,Centro Urbano Benito Juárez,06700,Cuauhtémoc
,Centro Urbano Benito Juárez,06700,Cuauhtémoc
,Centro Urbano Benito Juárez,06700,Cuauhtémoc
,Centro Urbano Benito Juárez,06700,Cuauhtémoc
,Centro Urbano Benito Juárez,06700,Cuauhtémoc
,Centro Urbano Benito Juárez,06700,Cuauhtémoc
,Centro Urbano Benito Juárez,06700,Cuauhtémoc
,Centro Urbano Benito Juárez,06700,Cuauhtémoc
,Centro Urbano Benito Juárez,06700,Cuauhtémoc
,Centro Urbano Benito Juárez,06700,Cuauhtémoc
,Centro Urbano Benito Juárez,06700,Cuauhtémoc
,Centro Urbano Benito Juárez,06700,Cuauhtémoc
,Centro Urbano Benito Juárez,06700,Cuauhtémoc
,Centro Urbano Benito Juárez,06700,Cuauhtémoc
,Centro Urbano Benito Juárez,06760,Cuauhtémoc
,Colonia Doctores,06700,Cuauhtémoc
Fat Vegan,Colonia Roma Norte,06700,Cuauhtémoc
,Colonia Roma Sur,06760,Cuauhtémoc
,Roma,64700,
,Colonia Roma Norte,06700,Cuauhtémoc
,Centro Urbano Benito Juárez,06700,Cuauhtémoc
,Centro Urbano Benito Juárez,06700,Cuauhtémoc
,Colonia Roma Sur,06760,Cuauhtémoc
,Colonia Roma Sur,06760,Cuauhtémoc
,Centro Urbano Benito Juárez,06700,Cuauhtémoc
,Colonia Hipódromo,06100,Cuauhtémoc
,Colonia Roma Sur,06760,Cuauhtémoc
,Colonia Roma Sur,06760,Cuauhtémoc
,Colonia Roma Sur,06760,Cuauhtémoc
,Colonia Roma Sur,06760,Cuauhtémoc
,Colonia Roma Sur,06760,Cuauhtémoc
Taco Game,Centro Urbano Benito Juárez,06760,Cuauhtémoc
,Colonia Roma Sur,06760,Cuauhtémoc
,Colonia Roma Sur,06760,Cuauhtémoc
Banco Azteca,Colonia Roma Norte,06700,Cuauhtémoc
,Colonia Roma Sur,06760,Cuauhtémoc
,Centro Urbano Benito Juárez,06700,Cuauhtémoc
,Colonia Roma Sur,06760,Cuauhtémoc
,Colonia Roma Norte,06700,Cuauhtémoc
,Colonia Roma Sur,06760,Cuauhtémoc
,Colonia Roma Norte,06700,Cuauhtémoc
,Colonia Roma Norte,06700,Cuauhtémoc
Universidad de la Comunicación,Colonia Roma Norte,06700,Cuauhtémoc
,Colonia Buenavista,06300,Cuauhtémoc
,Centro Urbano Benito Juárez,06760,Cuauhtémoc
,Centro Urbano Benito Juárez,06700,Cuauhtémoc
Balmori Roofbar,Colonia Roma Norte,06700,Cuauhtémoc
,Colonia Roma Norte,06700,Cuauhtémoc
,Colonia Condesa,06700,Cuauhtémoc
,Colonia Roma Sur,06760,Cuauhtémoc
Universidad de la Comunicación,Colonia Roma Norte,06700,Cuauhtémoc
,Colonia Roma Sur,06760,Cuauhtémoc
,Colonia Roma Sur,06760,Cuauhtémoc
,Colonia Roma Sur,06760,Cuauhtémoc
,Colonia Roma Sur,06760,Cuauhtémoc
,Zona Rosa,06700,Cuauhtémoc
,Colonia Roma Sur,06760,Cuauhtémoc
Delisa,Colonia Roma Norte,06700,Cuauhtémoc
Lalo!,Colonia Roma Norte,06700,Cuauhtémoc
,Colonia Roma Sur,06760,Cuauhtémoc
,Colonia Roma Sur,06760,Cuauhtémoc
,Colonia Roma Sur,06760,Cuauhtémoc
,Colonia Roma Sur,06760,Cuauhtémoc
,Colonia Roma Sur,06760,Cuauhtémoc
,Colonia Roma Sur,06760,Cuauhtémoc
,Colonia Roma Sur,06760,Cuauhtémoc
,México,64700,
,Colonia Roma Sur,06760,Cuauhtémoc
,Colonia Roma Sur,06760,Cuauhtémoc
,Colonia Roma Sur,06760,Cuauhtémoc
,Colonia Roma Sur,06760,Cuauhtémoc
,Zona Rosa,06700,Cuauhtémoc
,Colonia Roma Sur,06760,Cuauhtémoc
,Colonia Roma Sur,06760,Cuauhtémoc
,Colonia Roma Sur,06760,Cuauhtémoc
,Colonia Roma Sur,06760,Cuauhtémoc
,Colonia Roma Sur,06760,Cuauhtémoc
,Colonia Roma Sur,06760,Cuauhtémoc
,Colonia Roma Sur,06760,Cuauhtémoc
,Colonia Roma Norte,06700,Cuauhtémoc
,Colonia Roma Norte,06700,Cuauhtémoc
Lalo!,Colonia Roma Norte,06700,Cuauhtémoc
,Colonia Roma Norte,06700,Cuauhtémoc
,Colonia Roma Sur,06760,Cuauhtémoc
,Colonia Roma Sur,06760,Cuauhtémoc
,Colonia Roma Norte,06700,Cuauhtémoc
,Colonia Doctores,06700,Cuauhtémoc
,Colonia Roma Sur,06760,Cuauhtémoc
,Colonia Roma Norte,06700,Cuauhtémoc
,Colonia Roma Sur,06760,Cuauhtémoc
,Colonia Roma Sur,06760,Cuauhtémoc
,Colonia Roma Sur,06760,Cuauhtémoc
,Colonia Roma Sur,06760,Cuauhtémoc
,Colonia Roma Sur,06760,Cuauhtémoc
,Colonia Juárez,06700,Cuauhtémoc
,Centro Urbano Benito Juárez,06780,Cuauhtémoc
,Colonia Roma Norte,06700,Cuauhtémoc
,Colonia Roma Sur,06760,Cuauhtémoc
,Colonia Roma Sur,06760,Cuauhtémoc
,Colonia Roma Sur,06760,Cuauhtémoc
,Colonia Roma Sur,06760,Cuauhtémoc
,Colonia Roma Sur,06760,Cuauhtémoc
,Colonia Roma Sur,06760,Cuauhtémoc
Hospital Star Médica Roma,Colonia Roma Norte,06700,Cuauhtémoc
,Colonia Roma Sur,06760,Cuauhtémoc
,Centro Urbano Benito Juárez,06700,Cuauhtémoc
Constela Café,Colonia Roma Norte,06700,Cuauhtémoc
,Colonia Roma Sur,06760,Cuauhtémoc
,Colonia Roma Sur,06760,Cuauhtémoc
,Colonia Roma Norte,06700,Cuauhtémoc
,Colonia Roma Norte,06700,Cuauhtémoc
,Colonia Roma Sur,06760,Cuauhtémoc
,Colonia Roma Sur,06760,Cuauhtémoc
,Colonia Roma Sur,06760,Cuauhtémoc
,Roma,64700,
Tierra Garat,Colonia Roma Norte,06700,Cuauhtémoc
,Colonia Roma Norte,06700,Cuauhtémoc
,Colonia Roma Sur,06760,Cuauhtémoc
,Colonia Roma Sur,06760,Cuauhtémoc
,Colonia Roma Norte,06700,Cuauhtémoc
,Colonia Escandón,11800,Miguel Hidalgo
,Colonia Roma Sur,06760,Cuauhtémoc
,Colonia Roma Sur,06760,Cuauhtémoc
,Colonia Roma Sur,06760,Cuauhtémoc
,Colonia Roma Sur,06760,Cuauhtémoc
,Centro Urbano Benito Juárez,06700,Cuauhtémoc
Tierra Garat,Colonia Roma Norte,06700,Cuauhtémoc
,Zona Rosa,06700,Cuauhtémoc
,Colonia Roma Norte,06700,Cuauhtémoc
,Colonia Roma Sur,06760,Cuauhtémoc
Constela Café,Colonia Roma Norte,06700,Cuauhtémoc
Fat Vegan,Colonia Roma Norte,06700,Cuauhtémoc
,Colonia Roma Sur,06760,Cuauhtémoc
,Colonia Roma Norte,06700,Cuauhtémoc
,Jardines Roma,64700,
,Colonia Juárez,06700,Cuauhtémoc
Vecchio Forno,Colonia Condesa,06700,Cuauhtémoc
PILARES Monterrey 206,Colonia Roma Norte,06700,Cuauhtémoc
,Colonia Roma Sur,06760,Cuauhtémoc
,Centro Urbano Benito Juárez,06700,Cuauhtémoc
,Zona Rosa,06700,Cuauhtémoc
Constela Café,Colonia Roma Norte,06700,Cuauhtémoc
,Colonia Roma Sur,06760,Cuauhtémoc
,Colonia Roma Sur,06760,Cuauhtémoc
Fat Vegan,Colonia Roma Norte,06700,Cuauhtémoc
,Colonia Roma Sur,06760,Cuauhtémoc
La Catrina,Colonia Juárez,06600,Cuauhtémoc
,México,64700,
,Colonia Roma Sur,06760,Cuauhtémoc
,Colonia Roma Sur,06760,Cuauhtémoc
,Colonia Roma Sur,06760,Cuauhtémoc
,Colonia Roma Sur,06760,Cuauhtémoc
,Colonia Roma Norte,06700,Cuauhtémoc
,Roma,64700,
Taco Game,Centro Urbano Benito Juárez,06760,Cuauhtémoc
Café Toscano,Colonia Roma Norte,06700,Cuauhtémoc
,Colonia Roma Norte,06700,Cuauhtémoc
Constela Café,Colonia Roma Norte,06700,Cuauhtémoc
,Colonia Roma Sur,06760,Cuauhtémoc
,Colonia Roma Sur,06760,Cuauhtémoc
,Colonia Roma Sur,06760,Cuauhtémoc
,Colonia Roma Sur,06760,Cuauhtémoc
,Colonia Roma Sur,06760,Cuauhtémoc
,Roma,64700,
,Zona Rosa,06700,Cuauhtémoc
,Centro Urbano Benito Juárez,06700,Cuauhtémoc
,Centro Urbano Benito Juárez,06700,Cuauhtémoc
,Colonia Roma Sur,06760,Cuauhtémoc
,Colonia Roma Sur,06760,Cuauhtémoc
,Colonia Roma Sur,06760,Cuauhtémoc
Constela Café,Colonia Roma Norte,06700,Cuauhtémoc
,Colonia Roma Sur,06760,Cuauhtémoc
,Colonia Roma Sur,06760,Cuauhtémoc
,Colonia Roma Sur,06760,Cuauhtémoc
,Colonia Roma Norte,06700,Cuauhtémoc
,Roma,64700,
,Colonia Doctores,06700,Cuauhtémoc
,Colonia Roma Sur,06760,Cuauhtémoc
,Colonia Roma Sur,06760,Cuauhtémoc
,Colonia Roma Sur,06760,Cuauhtémoc
,Colonia Roma Sur,06760,Cuauhtémoc
,Colonia Roma Sur,06760,Cuauhtémoc
,Colonia Roma Sur,06760,Cuauhtémoc
,Colonia Roma Sur,06760,Cuauhtémoc
,Colonia Roma Sur,06760,Cuauhtémoc
,Colonia Roma Norte,06700,Cuauhtémoc
Constela Café,Colonia Roma Norte,06700,Cuauhtémoc
Constela Café,Colonia Roma Norte,06700,Cuauhtémoc
,Colonia Roma Sur,06760,Cuauhtémoc
Balmori Roofbar,Colonia Roma Norte,06700,Cuauhtémoc
,Colonia Roma Sur,06760,Cuauhtémoc
,Colonia Roma Sur,06760,Cuauhtémoc
,Colonia Roma Sur,06760,Cuauhtémoc
,Colonia Roma Sur,06760,Cuauhtémoc
,Colonia Roma Sur,06760,Cuauhtémoc
Cintli tortilleria organica y molino de nixtamal,Colonia Roma Sur,06700,Cuauhtémoc
,Centro Urbano Benito Juárez,06700,Cuauhtémoc
,Colonia Roma Norte,06700,Cuauhtémoc
,Centro Urbano Benito Juárez,06700,Cuauhtémoc
,Colonia Hipódromo,06100,Cuauhtémoc
,Colonia Roma Norte,06700,Cuauhtémoc
,Roma,64700,
,Zona Rosa,06700,Cuauhtémoc
,Centro Urbano Benito Juárez,06700,Cuauhtémoc
,Centro Urbano Benito Juárez,06700,Cuauhtémoc
,Centro Urbano Benito Juárez,06700,Cuauhtémoc
Moshi Moshi,Colonia Hipódromo,06100,Cuauhtémoc
,Colonia Roma Norte,06700,Cuauhtémoc
,Centro Urbano Benito Juárez,06700,Cuauhtémoc
FAR+CIA,Colonia Roma Norte,06700,Cuauhtémoc
,Colonia Roma Norte,06700,Cuauhtémoc
Balmori Roofbar,Colonia Roma Norte,06700,Cuauhtémoc
,Roma,64700,
Constela Café,Colonia Roma Norte,06700,Cuauhtémoc
,Colonia Roma Sur,06760,Cuauhtémoc
,Zona Rosa,06700,Cuauhtémoc
,Zona Rosa,06700,Cuauhtémoc
,Zona Rosa,06700,Cuauhtémoc
,Colonia Roma Sur,06760,Cuauhtémoc
,Colonia Roma Sur,06760,Cuauhtémoc
,Colonia Roma Sur,06760,Cuauhtémoc
,Zona Rosa,06700,Cuauhtémoc
,Colonia Roma Sur,06760,Cuauhtémoc
,Roma,64700,
,Colonia Roma Sur,06760,Cuauhtémoc
Hospital Star Médica Roma,Colonia Roma Norte,06700,Cuauhtémoc
Fuente de Bucareli,Colonia Tabacalera,06040,Cuauhtémoc
,Colonia Roma Sur,06760,Cuauhtémoc
,Colonia Roma Sur,06760,Cuauhtémoc
,Colonia Roma Sur,06760,Cuauhtémoc
Constela Café,Colonia Roma Norte,06700,Cuauhtémoc
,Colonia Roma Sur,06760,Cuauhtémoc
Papa Guapa,Colonia Juárez,06700,Cuauhtémoc
,Roma,64700,
,Centro Urbano Benito Juárez,06700,Cuauhtémoc
,Colonia Roma Sur,06760,Cuauhtémoc
,Centro Urbano Benito Juárez,06760,Cuauhtémoc
Balmori Roofbar,Colonia Roma Norte,06700,Cuauhtémoc
,Centro Urbano Benito Juárez,06700,Cuauhtémoc
,Colonia Roma Norte,06700,Cuauhtémoc
,Colonia Roma Sur,06760,Cuauhtémoc
,Centro Urbano Benito Juárez,06700,Cuauhtémoc
,Colonia Roma Sur,06760,Cuauhtémoc
,Colonia Roma Norte,06700,Cuauhtémoc
,Colonia Roma Sur,06760,Cuauhtémoc
,Colonia Roma Norte,06700,Cuauhtémoc
,Colonia Roma Norte,06700,Cuauhtémoc
,Centro Urbano Benito Juárez,06760,Cuauhtémoc
Tierra Garat,Colonia Roma Norte,06700,Cuauhtémoc
,Colonia Roma Norte,06700,Cuauhtémoc
,Colonia Roma Norte,06700,Cuauhtémoc
,Unión,22534,
Pemex,Colonia Condesa,06700,Cuauhtémoc
,Colonia Roma Sur,06760,Cuauhtémoc
Amsterdam Café,Centro Urbano Benito Juárez,06700,Cuauhtémoc
,Colonia Roma Sur,06760,Cuauhtémoc
Estacionamiento Publico,Colonia Juárez,06700,Cuauhtémoc
,Colonia Roma Norte,06700,Cuauhtémoc
Amsterdam Café,Centro Urbano Benito Juárez,06700,Cuauhtémoc
,Colonia Roma Norte,06700,Cuauhtémoc
Sarde,Colonia Juárez,06700,Cuauhtémoc
Constela Café,Colonia Roma Norte,06700,Cuauhtémoc
,Centro Urbano Benito Juárez,06700,Cuauhtémoc
,Colonia Roma Sur,06760,Cuauhtémoc
,Colonia Roma Norte,06700,Cuauhtémoc
,Colonia Roma Sur,06760,Cuauhtémoc
Constela Café,Colonia Roma Norte,06700,Cuauhtémoc
,Centro Urbano Benito Juárez,06700,Cuauhtémoc
Constela Café,Colonia Roma Norte,06700,Cuauhtémoc
,Colonia Roma Sur,06760,Cuauhtémoc
,Colonia Roma Norte,06700,Cuauhtémoc
Constela Café,Colonia Roma Norte,06700,Cuauhtémoc
,Colonia Roma Sur,06760,Cuauhtémoc
,Centro Urbano Benito Juárez,06700,Cuauhtémoc
,Centro Urbano Benito Juárez,,Cuauhtémoc
,Centro Urbano Benito Juárez,06700,Cuauhtémoc
,Centro Urbano Benito Juárez,06700,Cuauhtémoc
,Colonia Roma Sur,06760,Cuauhtémoc
,Colonia Roma Sur,06760,Cuauhtémoc
,Colonia Roma Sur,06760,Cuauhtémoc
,Roma,64700,
,Zona Rosa,06700,Cuauhtémoc
,Colonia Roma Sur,06760,Cuauhtémoc
,Colonia Roma Norte,06700,Cuauhtémoc
,Centro Urbano Benito Juárez,06700,Cuauhtémoc
Universidad de la Comunicación,Colonia Roma Norte,06700,Cuauhtémoc
,Colonia Hipódromo,06100,Cuauhtémoc
,Colonia Roma Sur,06760,Cuauhtémoc
Constela Café,Colonia Roma Norte,06700,Cuauhtémoc
,Colonia Roma Norte,06700,Cuauhtémoc
,Colonia Roma Norte,06700,Cuauhtémoc
Máximo Bistrot Local,Centro Urbano Benito Juárez,06700,Cuauhtémoc
,Zona Rosa,06700,Cuauhtémoc
,Colonia Roma Norte,06700,Cuauhtémoc
,Centro Urbano Benito Juárez,06700,Cuauhtémoc
,Colonia Roma Norte,06700,Cuauhtémoc
,Colonia Roma Sur,06760,Cuauhtémoc
,Centro Urbano Benito Juárez,06700,Cuauhtémoc
Constela Café,Colonia Roma Norte,06700,Cuauhtémoc
,Colonia Roma Sur,06760,Cuauhtémoc
,Colonia Roma Norte,06700,Cuauhtémoc
,Colonia Roma Sur,06760,Cuauhtémoc
,Colonia Roma Sur,06760,Cuauhtémoc
,Colonia Roma Sur,06760,Cuauhtémoc
,Centro Urbano Benito Juárez,06760,Cuauhtémoc
,Colonia Roma Norte,06700,Cuauhtémoc
,Centro Urbano Benito Juárez,06700,Cuauhtémoc
,Centro Urbano Benito Juárez,06700,Cuauhtémoc
Sarde,Colonia Juárez,06700,Cuauhtémoc
Constela Café,Colonia Roma Norte,06700,Cuauhtémoc
,Colonia Roma Sur,06760,Cuauhtémoc
,Colonia Roma Sur,06760,Cuauhtémoc
Constela Café,Colonia Roma Norte,06700,Cuauhtémoc
,Centro Urbano Benito Juárez,06700,Cuauhtémoc
,Centro Urbano Benito Juárez,06700,Cuauhtémoc
,Centro Urbano Benito Juárez,06700,Cuauhtémoc
,Colonia Roma Sur,06760,Cuauhtémoc
,Centro Urbano Benito Juárez,06700,Cuauhtémoc
,Colonia Roma Sur,06760,Cuauhtémoc
,Colonia Roma Sur,06760,Cuauhtémoc
,Colonia Roma Sur,06760,Cuauhtémoc
,Colonia Roma Sur,06760,Cuauhtémoc
,Colonia Roma Sur,06760,Cuauhtémoc
,Centro Urbano Benito Juárez,06700,Cuauhtémoc
,Centro Urbano Benito Juárez,06700,Cuauhtémoc
Delisa,Colonia Roma Norte,06700,Cuauhtémoc
,Colonia Roma Norte,06700,Cuauhtémoc
,Colonia Hipódromo,06100,Cuauhtémoc
Constela Café,Colonia Roma Norte,06700,Cuauhtémoc
Constela Café,Colonia Roma Norte,06700,Cuauhtémoc
,Centro Urbano Benito Juárez,06760,Cuauhtémoc
,Colonia Roma Norte,06700,Cuauhtémoc
,Colonia Roma Norte,06700,Cuauhtémoc
,Colonia Roma Sur,06760,Cuauhtémoc
Bitcoin Embassy Bar,Colonia Roma Sur,06700,Cuauhtémoc
Mandragora vegan,Colonia Roma Norte,06700,Cuauhtémoc
,Colonia Roma Norte,06700,Cuauhtémoc
,Colonia Roma Sur,06760,Cuauhtémoc
,Centro Urbano Benito Juárez,06760,Cuauhtémoc
Buna,Colonia Roma Norte,06700,Cuauhtémoc
Delisa,Colonia Roma Norte,06700,Cuauhtémoc
Delisa,Colonia Roma Norte,06700,Cuauhtémoc
,Colonia Roma Sur,06760,Cuauhtémoc
Banco del Bienestar,Centro Urbano Benito Juárez,06760,Cuauhtémoc
,Colonia Roma Sur,06760,Cuauhtémoc
Constela Café,Colonia Roma Norte,06700,Cuauhtémoc
,Colonia Roma Sur,06760,Cuauhtémoc
Constela Café,Colonia Roma Norte,06700,Cuauhtémoc
,Colonia Roma Sur,06760,Cuauhtémoc
,,64700,
,Colonia Roma Sur,06760,Cuauhtémoc
,Colonia Roma Sur,06760,Cuauhtémoc
Constela Café,Colonia Roma Norte,06700,Cuauhtémoc
,Colonia Roma Sur,06760,Cuauhtémoc
,Colonia Roma Sur,06760,Cuauhtémoc
,Colonia Roma Sur,06760,Cuauhtémoc
,Colonia Roma Norte,06700,Cuauhtémoc
,Colonia Roma Sur,06760,Cuauhtémoc
Constela Café,Colonia Roma Norte,06700,Cuauhtémoc
Constela Café,Colonia Roma Norte,06700,Cuauhtémoc
,Colonia Roma Sur,06760,Cuauhtémoc
Constela Café,Colonia Roma Norte,06700,Cuauhtémoc
,Colonia Roma Sur,06760,Cuauhtémoc
,Colonia Roma Sur,06760,Cuauhtémoc
,Colonia Roma Sur,06760,Cuauhtémoc
,Colonia Roma Sur,06760,Cuauhtémoc
,Colonia Roma Sur,06760,Cuauhtémoc
,Colonia Roma Norte,06700,Cuauhtémoc
,Colonia Roma Norte,06700,Cuauhtémoc
Constela Café,Colonia Roma Norte,06700,Cuauhtémoc
,Colonia Roma Sur,06760,Cuauhtémoc
,Colonia Roma Sur,06760,Cuauhtémoc
,Colonia Roma Sur,06760,Cuauhtémoc
Constela Café,Colonia Roma Norte,06700,Cuauhtémoc
,Centro Urbano Benito Juárez,06700,Cuauhtémoc
,Colonia Del Valle Sur,03104,
,Centro Urbano Benito Juárez,06700,Cuauhtémoc
,Colonia Juárez,06700,Cuauhtémoc
Ateneo Español de México A.C.,Colonia Juárez,06600,Cuauhtémoc
Plácido,Zona Rosa,06700,Cuauhtémoc
,Colonia Roma Sur,06760,Cuauhtémoc
,Colonia Roma Sur,06760,Cuauhtémoc
,Centro Urbano Benito Juárez,06700,Cuauhtémoc
Plácido,Zona Rosa,06700,Cuauhtémoc
,Colonia Roma Sur,06760,Cuauhtémoc
,Colonia Roma Norte,06700,Cuauhtémoc
,Roma,64700,
,Colonia Roma Sur,06760,Cuauhtémoc
Por Siempre Vegana Taquería,Centro Urbano Benito Juárez,06700,Cuauhtémoc
,Colonia Roma Norte,06700,Cuauhtémoc
,Colonia Roma Sur,06760,Cuauhtémoc
,Colonia Roma Norte,06700,Cuauhtémoc
FAR+CIA,Colonia Roma Norte,06700,Cuauhtémoc
,Colonia Roma Sur,06760,Cuauhtémoc
,Centro Urbano Benito Juárez,06700,Cuauhtémoc
,Centro Urbano Benito Juárez,06700,Cuauhtémoc
Constela Café,Colonia Roma Norte,06700,Cuauhtémoc
,Colonia Doctores,06700,Cuauhtémoc
Constela Café,Colonia Roma Norte,06700,Cuauhtémoc
,Centro Urbano Benito Juárez,06700,Cuauhtémoc
Lucas Local,Colonia Roma Norte,06700,Cuauhtémoc
,Colonia La Martinica,01619,Álvaro Obregón
,,64780,
,Colonia Roma Norte,06700,Cuauhtémoc
,Centro Urbano Benito Juárez,06700,Cuauhtémoc
Constela Café,Colonia Roma Norte,06700,Cuauhtémoc
Constela Café,Colonia Roma Norte,06700,Cuauhtémoc
,Roma,64700,
,Roma,64700,
,Centro Urbano Benito Juárez,06700,Cuauhtémoc
,Centro Urbano Benito Juárez,06700,Cuauhtémoc
,Centro Urbano Benito Juárez,06700,Cuauhtémoc
Universidad de la Comunicación,Colonia Roma Norte,06700,Cuauhtémoc
Amsterdam Café,Centro Urbano Benito Juárez,06700,Cuauhtémoc
Amsterdam Café,Centro Urbano Benito Juárez,06700,Cuauhtémoc
Constela Café,Colonia Roma Norte,06700,Cuauhtémoc
Constela Café,Colonia Roma Norte,06700,Cuauhtémoc
Constela Café,Colonia Roma Norte,06700,Cuauhtémoc
,Centro Urbano Benito Juárez,06700,Cuauhtémoc
FAR+CIA,Colonia Roma Norte,06700,Cuauhtémoc
,Centro Urbano Benito Juárez,06700,Cuauhtémoc
Constela Café,Colonia Roma Norte,06700,Cuauhtémoc
,Centro Urbano Benito Juárez,06700,Cuauhtémoc
,Centro Urbano Benito Juárez,06700,Cuauhtémoc
,Centro Urbano Benito Juárez,06700,Cuauhtémoc
,Centro Urbano Benito Juárez,06760,Cuauhtémoc
,Centro Urbano Benito Juárez,06760,Cuauhtémoc
Amsterdam Café,Centro Urbano Benito Juárez,06700,Cuauhtémoc
Amsterdam Café,Centro Urbano Benito Juárez,06700,Cuauhtémoc
Amsterdam Café,Centro Urbano Benito Juárez,06700,Cuauhtémoc
Amsterdam Café,Centro Urbano Benito Juárez,06700,Cuauhtémoc
Amsterdam Café,Centro Urbano Benito Juárez,06700,Cuauhtémoc
Constela Café,Colonia Roma Norte,06700,Cuauhtémoc
,Colonia Roma Sur,06760,Cuauhtémoc
Constela Café,Colonia Roma Norte,06700,Cuauhtémoc
,Centro Urbano Benito Juárez,06700,Cuauhtémoc
Plácido,Zona Rosa,06700,Cuauhtémoc
Constela Café,Colonia Roma Norte,06700,Cuauhtémoc
Constela Café,Colonia Roma Norte,06700,Cuauhtémoc
,Zona Rosa,06700,Cuauhtémoc
,Centro Urbano Benito Juárez,06700,Cuauhtémoc
,Centro Urbano Benito Juárez,06700,Cuauhtémoc
FAR+CIA,Colonia Roma Norte,06700,Cuauhtémoc
Taco Game,Centro Urbano Benito Juárez,06760,Cuauhtémoc
Constela Café,Colonia Roma Norte,06700,Cuauhtémoc
,Colonia Roma Sur,06760,Cuauhtémoc
Foro Indierocks,Colonia Roma Norte,06700,Cuauhtémoc
,Centro Urbano Benito Juárez,06700,Cuauhtémoc
,Colonia Tabacalera,06030,Cuauhtémoc
,Colonia Juárez,06700,Cuauhtémoc
,Colonia Roma Sur,06760,Cuauhtémoc
Patisserie Dominique,Centro Urbano Benito Juárez,06700,Cuauhtémoc
,Colonia Roma Norte,06700,Cuauhtémoc
,Centro Urbano Benito Juárez,06760,Cuauhtémoc
,Centro Urbano Benito Juárez,06700,Cuauhtémoc
Constela Café,Colonia Roma Norte,06700,Cuauhtémoc
,Centro Urbano Benito Juárez,06760,Cuauhtémoc
,Colonia Roma Norte,06700,Cuauhtémoc
,Colonia Roma Sur,06760,Cuauhtémoc
,Colonia Roma Sur,06760,Cuauhtémoc
,Colonia Roma Sur,06760,Cuauhtémoc
Tierra Garat,Colonia Roma Norte,06700,Cuauhtémoc
,,67188,
,Colonia Roma Norte,06700,Cuauhtémoc
,Colonia Doctores,06720,Cuauhtémoc
,Colonia Roma Norte,06700,Cuauhtémoc
,Zona Rosa,06700,Cuauhtémoc
,Centro Urbano Benito Juárez,06700,Cuauhtémoc
,Colonia Roma Norte,06700,Cuauhtémoc
,Centro Urbano Benito Juárez,06700,Cuauhtémoc
,Roma,64700,
,Colonia Roma Sur,06760,Cuauhtémoc
,Colonia Roma Norte,06700,Cuauhtémoc
,Colonia Roma Norte,06700,Cuauhtémoc
,Colonia Roma Norte,06700,Cuauhtémoc
,Centro Urbano Benito Juárez,06760,Cuauhtémoc
,Roma,64700,
Constela Café,Colonia Roma Norte,06700,Cuauhtémoc
,Centro Urbano Benito Juárez,06700,Cuauhtémoc
Constela Café,Colonia Roma Norte,06700,Cuauhtémoc
,Centro Urbano Benito Juárez,06700,Cuauhtémoc
,,64700,
Fuente de Bucareli,Colonia Tabacalera,06040,Cuauhtémoc
,Roma,64700,
Benito Juárez,Centro Urbano Benito Juárez,06760,Cuauhtémoc
,Centro Urbano Benito Juárez,06720,Cuauhtémoc
,Centro Urbano Benito Juárez,06700,Cuauhtémoc
,Colonia Roma Sur,06760,Cuauhtémoc
,Centro Urbano Benito Juárez,06700,Cuauhtémoc
,Colonia Roma Norte,06700,Cuauhtémoc
Huset,Colonia Roma Norte,06700,Cuauhtémoc
Constela Café,Colonia Roma Norte,06700,Cuauhtémoc
,Centro Urbano Benito Juárez,06700,Cuauhtémoc
Constela Café,Colonia Roma Norte,06700,Cuauhtémoc
,Colonia Roma Norte,06700,Cuauhtémoc
,Colonia Roma Sur,06760,Cuauhtémoc
Constela Café,Colonia Roma Norte,06700,Cuauhtémoc
Constela Café,Colonia Roma Norte,06700,Cuauhtémoc
Constela Café,Colonia Roma Norte,06700,Cuauhtémoc
Constela Café,Colonia Roma Norte,06700,Cuauhtémoc
Constela Café,Colonia Roma Norte,06700,Cuauhtémoc
Constela Café,Colonia Roma Norte,06700,Cuauhtémoc
,Colonia Roma Norte,06700,Cuauhtémoc
,Colonia Roma Sur,06760,Cuauhtémoc
,Colonia Roma Sur,06760,Cuauhtémoc
Constela Café,Colonia Roma Norte,06700,Cuauhtémoc
Constela Café,Colonia Roma Norte,06700,Cuauhtémoc
,Colonia Roma Sur,06760,Cuauhtémoc
,Colonia Roma Sur,06760,Cuauhtémoc
Constela Café,Colonia Roma Norte,06700,Cuauhtémoc
,Colonia Roma Sur,06760,Cuauhtémoc
Patisserie Dominique,Centro Urbano Benito Juárez,06700,Cuauhtémoc
,Zona Rosa,06700,Cuauhtémoc
Por Siempre Vegana Taquería,Centro Urbano Benito Juárez,06700,Cuauhtémoc
,Colonia Roma Norte,06700,Cuauhtémoc
Hospital Maria Jose,Colonia Condesa,06700,Cuauhtémoc
,Colonia Roma Norte,06700,Cuauhtémoc
,Colonia Roma Norte,06700,Cuauhtémoc
,Colonia Juárez,06700,Cuauhtémoc
,Zona Rosa,06700,Cuauhtémoc
Por Siempre Vegana Taquería,Centro Urbano Benito Juárez,06700,Cuauhtémoc
,Colonia Nápoles,03103,Benito Juárez
,Colonia Doctores,06700,Cuauhtémoc
,Colonia Roma Sur,06760,Cuauhtémoc
,Centro Urbano Benito Juárez,06700,Cuauhtémoc
,Centro Urbano Benito Juárez,06700,Cuauhtémoc
,Colonia Condesa,06700,Cuauhtémoc
,Colonia Roma Sur,06760,Cuauhtémoc
Por Siempre Vegana Taquería,Centro Urbano Benito Juárez,06700,Cuauhtémoc
,Zona Rosa,06700,Cuauhtémoc
Por Siempre Vegana Taquería,Centro Urbano Benito Juárez,06700,Cuauhtémoc
Papa Guapa,Colonia Juárez,06700,Cuauhtémoc
,Roma,64700,
,Zona Rosa,06700,Cuauhtémoc
Bitcoin Embassy Bar,Colonia Roma Sur,06700,Cuauhtémoc
,Centro Urbano Benito Juárez,06760,Cuauhtémoc
,Roma,64700,
,Centro Urbano Benito Juárez,06700,Cuauhtémoc
,Colonia Roma Norte,06700,Cuauhtémoc
Por Siempre Vegana Taquería,Centro Urbano Benito Juárez,06700,Cuauhtémoc
,Colonia Piedad Narvarte,03000,Benito Juárez
Constela Café,Colonia Roma Norte,06700,Cuauhtémoc
Constela Café,Colonia Roma Norte,06700,Cuauhtémoc
,Colonia Piedad Narvarte,03000,Benito Juárez
Constela Café,Colonia Roma Norte,06700,Cuauhtémoc
Constela Café,Colonia Roma Norte,06700,Cuauhtémoc
Constela Café,Colonia Roma Norte,06700,Cuauhtémoc
Constela Café,Colonia Roma Norte,06700,Cuauhtémoc
,Colonia Roma Norte,06700,Cuauhtémoc
,Colonia Roma Norte,06700,Cuauhtémoc
,Colonia Piedad Narvarte,03000,Benito Juárez
,Colonia Piedad Narvarte,03000,Benito Juárez
,Colonia Piedad Narvarte,03000,Benito Juárez
,Colonia Piedad Narvarte,03000,Benito Juárez
,Colonia Piedad Narvarte,03000,Benito Juárez
,Colonia Piedad Narvarte,03000,Benito Juárez
Constela Café,Colonia Roma Norte,06700,Cuauhtémoc
Constela Café,Colonia Roma Norte,06700,Cuauhtémoc
,Colonia Roma Sur,06760,Cuauhtémoc
,Roma,64700,
,Colonia Roma Sur,06760,Cuauhtémoc
Constela Café,Colonia Roma Norte,06700,Cuauhtémoc
,Colonia Roma Norte,06700,Cuauhtémoc
Por Siempre Vegana Taquería,Centro Urbano Benito Juárez,06700,Cuauhtémoc
,Centro Urbano Benito Juárez,06700,Cuauhtémoc
Constela Café,Colonia Roma Norte,06700,Cuauhtémoc
,Colonia Roma Norte,06700,Cuauhtémoc
Por Siempre Vegana Taquería,Centro Urbano Benito Juárez,06700,Cuauhtémoc
,Colonia Roma Sur,06760,Cuauhtémoc
Bitcoin Embassy Bar,Colonia Roma Sur,06700,Cuauhtémoc
,Colonia Roma Sur,06760,Cuauhtémoc
Por Siempre Vegana Taquería,Centro Urbano Benito Juárez,06700,Cuauhtémoc
,Colonia Roma Norte,06700,Cuauhtémoc
,Colonia Roma Sur,06760,Cuauhtémoc
,Colonia Roma Sur,06760,Cuauhtémoc
,Colonia Roma Norte,06700,Cuauhtémoc
,Colonia Juárez,06700,Cuauhtémoc
Fuente de Bucareli,Colonia Tabacalera,06040,Cuauhtémoc
Fuente de Bucareli,Colonia Tabacalera,06040,Cuauhtémoc
Fuente de Bucareli,Colonia Tabacalera,06040,Cuauhtémoc
,Colonia Roma Norte,06700,Cuauhtémoc
,Colonia Roma Norte,06700,Cuauhtémoc
,Colonia Roma Sur,06760,Cuauhtémoc
,Roma,64700,
,Colonia Roma Sur,06760,Cuauhtémoc
,Colonia Roma Sur,06760,Cuauhtémoc
,Centro Urbano Benito Juárez,06700,Cuauhtémoc
Taco Game,Centro Urbano Benito Juárez,06760,Cuauhtémoc
,,64750,
,Centro Urbano Benito Juárez,06700,Cuauhtémoc
Fuente de Bucareli,Colonia Tabacalera,06040,Cuauhtémoc
,Colonia Roma Sur,06760,Cuauhtémoc
,Colonia Roma Sur,06760,Cuauhtémoc
,Colonia Roma Sur,06760,Cuauhtémoc
,Privada Roma,64700,
,Colonia Roma Sur,06760,Cuauhtémoc
,Colonia Roma Sur,06760,Cuauhtémoc
,Colonia Roma Sur,06760,Cuauhtémoc
,Colonia Roma Sur,06760,Cuauhtémoc
,Colonia Roma Sur,06760,Cuauhtémoc
,Colonia Roma Sur,06760,Cuauhtémoc
,Colonia Roma Sur,06760,Cuauhtémoc
,Colonia Roma Sur,06760,Cuauhtémoc
,Zona Rosa,06700,Cuauhtémoc
,Colonia Roma Sur,06760,Cuauhtémoc
,Colonia Roma Sur,06760,Cuauhtémoc
Por Siempre Vegana Taquería,Centro Urbano Benito Juárez,06700,Cuauhtémoc
,Colonia Roma Sur,06760,Cuauhtémoc
,Centro Urbano Benito Juárez,06700,Cuauhtémoc
Papa Guapa,Colonia Juárez,06700,Cuauhtémoc
,Colonia Roma Sur,06760,Cuauhtémoc
Papa Guapa,Colonia Juárez,06700,Cuauhtémoc
,Colonia Roma Sur,06760,Cuauhtémoc
,Centro Urbano Benito Juárez,06700,Cuauhtémoc
,Roma,64700,
,Roma,64700,
,Colonia Roma Sur,06760,Cuauhtémoc
,Colonia Roma Sur,06760,Cuauhtémoc
,Nuevo Repueblo,64700,
,Nuevo Repueblo,64700,
,Nuevo Repueblo,64700,
,Colonia Juárez,06700,Cuauhtémoc
,Colonia Juárez,06700,Cuauhtémoc
,Colonia Roma Norte,06700,Cuauhtémoc
Café Santa Dominga,Colonia Condesa,06700,Cuauhtémoc
,Colonia Condesa,06700,Cuauhtémoc
,Centro Urbano Benito Juárez,06700,Cuauhtémoc
,Colonia Roma Norte,06700,Cuauhtémoc
,Centro Urbano Benito Juárez,06760,Cuauhtémoc
,Colonia Roma Norte,06700,Cuauhtémoc
,Colonia Roma Sur,06760,Cuauhtémoc
,Colonia Roma Norte,06700,Cuauhtémoc
,Centro Urbano Benito Juárez,06700,Cuauhtémoc
,Colonia Roma Norte,06700,Cuauhtémoc
Constela Café,Colonia Roma Norte,06700,Cuauhtémoc
,Colonia Roma Norte,06700,Cuauhtémoc
,Colonia Roma Sur,06760,Cuauhtémoc
,Colonia Roma Sur,06760,Cuauhtémoc
,Colonia Roma Sur,06760,Cuauhtémoc
Constela Café,Colonia Roma Norte,06700,Cuauhtémoc
,Colonia Roma Sur,06760,Cuauhtémoc
,Colonia Condesa,06140,Cuauhtémoc
,Colonia Condesa,06140,Cuauhtémoc
,Colonia Roma Sur,06760,Cuauhtémoc
,Colonia Roma Sur,06760,Cuauhtémoc
,Colonia Roma Sur,06760,Cuauhtémoc
Tasting Room,Centro Urbano Benito Juárez,06700,Cuauhtémoc
,Centro Urbano Benito Juárez,06700,Cuauhtémoc
,Colonia Roma Sur,06760,Cuauhtémoc
,Colonia Roma Sur,06760,Cuauhtémoc
,Colonia Roma Sur,06760,Cuauhtémoc
,Colonia Roma Sur,06760,Cuauhtémoc
,Colonia Roma Norte,06700,Cuauhtémoc
,Colonia Roma Sur,06760,Cuauhtémoc
